t_s,cmd_vel_linear_x
0.069,0.0000
0.092,0.0000
0.143,0.0000
0.191,0.0000
0.241,0.0000
0.289,0.0000
0.340,0.0000
0.415,0.0000
0.450,0.0000
0.499,0.0000
0.539,0.0000
0.591,0.0500
0.639,0.0500
0.693,0.0500
0.742,0.0500
0.789,0.0500
0.839,0.0500
0.890,0.0500
0.943,0.0500
0.992,0.0500
1.043,0.0500
1.089,0.0500
1.140,0.0500
1.189,0.0500
1.240,0.0500
1.289,0.0500
1.340,0.0500
1.410,0.0500
1.450,0.0500
1.490,0.0500
1.541,0.0500
1.591,0.0500
1.639,0.0500
1.690,0.0500
1.741,0.0500
1.790,0.0500
1.839,0.0500
1.892,0.0500
1.941,0.0500
1.989,0.0500
2.039,0.0500
2.089,0.0500
2.141,0.0500
2.190,0.0500
2.242,0.0500
2.289,0.0500
2.341,0.0500
2.390,0.0500
2.443,0.0500
2.492,0.0500
2.540,0.0500
2.592,0.0500
2.649,0.0500
2.689,0.0500
2.739,0.0500
2.789,0.0500
2.843,0.0500
2.890,0.0500
2.939,0.0500
2.992,0.0500
3.041,0.0500
3.089,0.0500
3.140,0.0500
3.189,0.0500
3.239,0.0500
3.289,0.0500
3.339,0.0500
3.390,0.0500
3.440,0.0500
3.489,0.0500
3.540,0.0500
3.590,0.0500
3.639,0.0500
3.689,0.0500
3.740,0.0500
3.790,0.0500
3.839,0.0500
3.891,0.0500
3.940,0.0500
3.990,0.0500
4.039,0.0500
4.095,0.0500
4.143,0.0500
4.197,0.0500
4.240,0.0500
4.290,0.0500
4.340,0.0500
4.391,0.0500
4.439,0.0500
4.492,0.0500
4.539,0.0500
4.590,0.0500
4.639,0.0500
4.689,0.0500
4.740,0.0500
4.792,0.0500
4.845,0.0500
4.889,0.0500
4.942,0.0500
4.990,0.0500
5.040,0.0500
5.096,0.0500
5.140,0.0500
5.189,0.0500
5.239,0.0500
5.290,0.0500
5.340,0.0500
5.390,0.0500
5.440,0.0500
5.491,0.0500
5.541,0.0500
5.589,0.0500
5.639,0.0500
5.692,0.0500
5.739,0.0500
5.795,0.0500
5.846,0.0500
5.901,0.0500
5.969,0.0500
5.993,0.0500
6.044,0.0500
6.092,0.0500
6.143,0.0500
6.191,0.0500
6.239,0.0500
6.294,0.0500
6.339,0.0500
6.389,0.0500
6.440,0.0500
6.489,0.0500
6.539,0.0500
6.589,0.0500
6.640,0.0500
6.689,0.0500
6.739,0.0500
6.800,0.0500
6.851,0.0500
6.905,0.0500
6.946,0.0500
6.990,0.0500
7.042,0.0500
7.089,0.0500
7.140,0.0500
7.190,0.0500
7.242,0.0500
7.289,0.0500
7.340,0.0500
7.391,0.0500
7.439,0.0500
7.490,0.0500
7.539,0.0500
7.589,0.0500
7.639,0.0500
7.689,0.0500
7.739,0.0500
7.793,0.0500
7.839,0.0500
7.891,0.0500
7.941,0.0500
7.993,0.0500
8.046,0.0500
8.092,0.0500
8.141,0.0500
8.190,0.0500
8.241,0.0500
8.289,0.0500
8.339,0.0500
8.390,0.0500
8.440,0.0500
8.489,0.0500
8.541,0.0500
8.596,0.0500
8.640,0.0500
8.690,0.0500
8.739,0.0500
8.793,0.0500
8.842,0.0500
8.892,0.0500
8.940,0.0500
8.991,0.0500
9.042,0.0500
9.094,0.0500
9.141,0.0500
9.190,0.0500
9.243,0.0500
9.292,0.0500
9.341,0.0500
9.405,0.0500
9.441,0.0500
9.490,0.0500
9.541,0.0500
9.591,0.0500
9.648,0.0500
9.689,0.0500
9.740,0.0500
9.791,0.0500
9.840,0.0500
9.892,0.0500
9.939,0.0500
9.993,0.0500
10.040,0.0500
10.091,0.0500
10.140,0.0500
10.190,0.0500
10.246,0.0500
10.292,0.0500
10.341,0.0500
10.393,0.0500
10.440,0.0500
10.493,0.0500
10.545,0.0500
10.591,0.0500
10.640,0.0500
10.690,0.0500
10.739,0.0500
10.789,0.0500
10.839,0.0500
10.889,0.0500
10.939,0.0500
10.995,0.0500
11.039,0.0500
11.090,0.0500
11.139,0.0500
11.193,0.0500
11.239,0.0500
11.293,0.0500
11.341,0.0500
11.396,0.0500
11.440,0.0500
11.491,0.0500
11.539,0.0500
11.589,0.0500
11.640,0.0500
11.689,0.0500
11.741,0.0500
11.789,0.0500
11.842,0.0500
11.889,0.0500
11.943,0.0500
11.989,0.0500
12.042,0.0500
12.089,0.0500
12.139,0.0500
12.190,0.0500
12.243,0.0500
12.290,0.0500
12.339,0.0500
12.390,0.0500
12.441,0.0500
12.489,0.0500
12.539,0.0500
12.589,0.0500
12.639,0.0500
12.691,0.0500
12.739,0.0500
12.790,0.0500
12.839,0.0500
12.890,0.0500
12.939,0.0500
12.990,0.0500
13.042,0.0500
13.090,0.0500
13.140,0.0500
13.189,0.0500
13.239,0.0500
13.290,0.0500
13.339,0.0500
13.389,0.0500
13.440,0.0500
13.490,0.0500
13.540,0.0500
13.592,0.0500
13.642,0.0500
13.690,0.0500
13.740,0.0500
13.789,0.0500
13.839,0.0500
13.889,0.0500
13.941,0.0500
13.989,0.0500
14.039,0.0500
14.089,0.0500
14.141,0.0500
14.189,0.0500
14.239,0.0500
14.290,0.0500
14.339,0.0500
14.390,0.0500
14.442,0.0500
14.489,0.0500
14.540,0.0500
14.592,0.0500
14.639,0.0500
14.690,0.0500
14.739,0.0500
14.790,0.0500
14.840,0.0500
14.889,0.0500
14.944,0.0500
14.989,0.0500
15.040,0.0500
15.090,0.0500
15.139,0.0500
15.191,0.0500
15.239,0.0500
15.293,0.0500
15.339,0.0500
15.389,0.0500
15.441,0.0500
15.490,0.0500
15.539,0.0500
15.589,0.0500
15.641,0.0500
15.690,0.0500
15.741,0.0500
15.801,0.0500
15.840,0.0500
15.891,0.0500
15.940,0.0500
15.992,0.0500
16.051,0.0500
16.097,0.0500
16.145,0.0500
16.192,0.0500
16.241,0.0500
16.289,0.0500
16.340,0.0500
16.390,0.0500
16.439,0.0500
16.489,0.0500
16.539,0.0500
16.589,0.0500
16.645,0.0500
16.689,0.0000
16.739,0.0000
16.789,0.0000
16.843,0.0000
16.890,0.0000
16.939,0.0000
16.990,0.0000
17.042,0.0000
17.089,0.0000
17.142,0.0000
17.194,0.0000
17.245,0.0000
17.290,0.0000
17.340,0.0000
17.393,0.0000
17.441,0.0000
17.489,0.0000
17.544,0.0000
17.593,0.0000
17.639,0.0000
17.690,0.0000
17.742,0.0000
17.793,0.0000
17.839,0.0000
17.895,0.0000
17.945,0.0000
17.991,0.0000
18.043,0.0000
18.099,0.0000
18.141,0.0000
18.193,0.0000
18.239,0.0000
18.289,0.0000
18.339,0.0000
18.389,0.0000
18.439,0.0000
18.492,0.0000
18.539,0.0000
18.591,0.0000
18.639,0.0000
18.689,0.0000
18.740,0.0000
18.789,0.0000
18.839,0.0000
18.889,0.0000
18.939,0.0000
18.989,0.0000
19.040,0.0000
19.089,0.0000
19.140,0.0000
19.189,0.0000
19.240,0.0000
19.292,0.0000
19.339,0.0000
19.390,0.0000
19.439,0.0000
19.493,0.0000
19.539,0.0000
19.589,0.0000
19.639,0.0000
19.690,0.0000
19.739,0.0000
19.789,0.0000
19.839,0.0000
19.890,0.0000
19.939,0.0000
19.989,0.0000
20.040,0.0000
20.090,0.0000
20.139,0.0000
20.191,0.0000
20.240,0.0000
20.291,0.0000
20.340,0.0000
20.390,0.0000
20.443,0.0000
20.489,0.0000
20.539,0.0000
20.590,0.0000
20.640,0.0000
20.689,0.0000
20.741,0.0000
20.789,0.0000
20.839,0.0000
20.889,0.0000
20.940,0.0000
20.989,0.0000
21.039,0.0000
21.090,0.0000
21.139,0.0000
21.189,0.0000
21.239,0.0000
21.289,0.0000
21.340,0.0000
21.390,0.0000
21.439,0.0000
21.489,0.0000
21.539,0.0000
21.589,0.0000
21.640,0.0000
21.692,0.0000
21.739,0.0000
21.794,0.0000
21.839,0.0000
21.889,0.0000
21.939,0.0000
21.990,0.0000
22.039,0.0000
22.090,0.0000
22.139,0.0000
22.193,0.0000
22.239,0.0000
22.290,0.0000
22.340,0.0000
22.389,0.0000
22.440,0.0000
22.490,0.0000
22.541,0.0000
22.589,0.0000
22.639,0.0000
22.689,0.0000
22.740,0.0000
22.789,0.0000
22.839,0.0000
22.890,0.0000
22.942,0.0000
22.990,0.0000
23.040,0.0000
23.094,0.0000
23.142,0.0000
23.189,0.0000
23.240,0.0000
23.289,0.0000
23.341,0.0000
23.390,0.0000
23.439,0.0000
23.495,0.0000
23.539,0.0000
23.589,0.0000
23.640,0.0000
23.691,0.0000
23.741,0.0000
23.789,0.0000
23.841,0.0000
23.889,0.0000
23.941,0.0000
23.993,0.0000
24.042,0.0000
24.089,0.0000
24.141,0.0000
24.190,0.0000
24.239,0.0000
24.291,0.0000
24.345,0.0000
24.390,0.0000
24.441,0.0000
24.491,0.0000
24.539,0.0000
24.591,0.0000
24.639,0.0000
24.689,0.0000
24.740,0.0000
24.790,0.0000
24.840,0.0000
24.891,0.0000
24.943,0.0000
24.990,0.0000
25.040,0.0000
25.090,0.0000
25.139,0.0000
25.189,0.0000
25.242,0.0000
25.290,0.0000
25.340,0.0000
25.390,0.0000
25.443,0.0000
25.491,0.0000
25.539,0.0000
25.589,0.0000
25.640,0.0000
25.689,0.0000
25.740,0.0000
25.789,0.0000
25.839,0.0000
25.890,0.0000
25.939,0.0000
25.990,0.0000
26.040,0.0000
26.090,0.0000
26.139,0.0000
26.190,0.0000
26.241,0.0000
26.292,0.0000
26.341,0.0000
26.389,0.0000
26.443,0.0000
26.489,0.0000
26.541,0.0000
26.590,0.0000
26.640,0.0000
26.691,0.0000
26.741,0.0000
26.789,0.0000
26.840,0.0000
26.893,0.0000
26.940,0.0000
26.992,0.0000
27.042,0.0000
27.090,0.0000
27.140,0.0000
27.190,0.0000
27.240,0.0000
27.290,0.0000
27.340,0.0000
27.389,0.0000
27.441,0.0000
27.490,0.0000
27.540,0.0000
27.591,0.0000
27.641,0.0000
27.690,0.0000
27.741,0.0000
27.789,0.0000
27.842,0.0000
27.890,0.0000
27.939,0.0000
27.989,0.0000
28.042,0.0000
28.089,0.0000
28.141,0.0000
28.189,0.0000
28.240,0.0000
28.291,0.0000
28.341,0.0000
28.390,0.0000
28.441,0.0000
28.490,0.0000
28.540,0.0000
28.590,0.0000
28.640,0.0000
28.690,0.0000
28.739,0.0000
28.790,0.0000
28.841,0.0000
28.893,0.0000
28.939,0.0000
28.991,0.0000
29.039,0.0000
29.090,0.0000
29.140,0.0000
29.190,0.0000
29.239,0.0000
29.289,0.0000
29.339,0.0000
29.389,0.0000
29.439,0.0000
29.489,0.0000
29.539,0.0000
29.589,0.0000
29.642,0.0000
29.689,0.0000
29.741,0.0000
29.790,0.0000
29.839,0.0000
29.889,0.0000
29.939,0.0000
29.989,0.0000
30.039,0.0000
30.089,0.0000
30.139,0.0000
30.192,0.0000
30.240,0.0000
30.289,0.0000
30.340,0.0000
30.390,0.0000
30.440,0.0000
30.493,0.0000
30.541,0.0000
30.589,0.0000
30.640,0.0000
30.690,0.0000
30.741,0.0000
30.791,0.0000
30.840,0.0000
30.891,0.0000
30.942,0.0000
30.990,0.0000
31.041,0.0000
31.089,0.0000
31.140,0.0000
31.190,0.0000
31.241,0.0000
31.290,0.0000
31.340,0.0000
31.393,0.0000
31.439,0.0000
31.492,0.0000
31.539,0.0000
31.591,0.0000
31.643,0.0000
31.690,0.0000
31.740,0.0000
31.794,0.0000
31.840,0.0000
31.891,0.0000
31.940,0.0000
31.989,0.0000
32.039,0.0000
32.091,0.0000
32.141,0.0000
32.192,0.0000
32.240,0.0000
32.291,0.0000
32.342,0.0000
32.395,0.0000
32.441,0.0000
32.489,0.0000
32.541,0.0000
32.589,0.0000
32.644,0.0000
32.689,0.0000
32.741,0.0000
32.790,0.0000
32.839,0.0000
32.893,0.0000
32.943,0.0000
32.989,0.0000
33.041,0.0000
33.089,0.0000
33.140,0.0000
33.189,0.0000
33.239,0.0000
33.289,0.0000
33.341,0.0000
33.389,0.0000
33.439,0.0000
33.491,0.0000
33.539,0.0000
33.589,0.0000
33.639,0.0000
33.689,0.0000
33.739,0.0000
33.789,0.0000
33.839,0.0000
33.889,0.0000
33.939,0.0000
33.990,0.0000
34.040,0.0000
34.090,0.0000
34.139,0.0000
34.189,0.0000
34.241,0.0000
34.289,0.0000
34.339,0.0000
34.391,0.0000
34.440,0.0000
34.490,0.0000
34.539,0.0000
34.589,0.0000
34.640,0.0000
34.689,0.0000
34.739,0.0000
34.789,0.0000
34.840,0.0000
34.889,0.0000
34.941,0.0000
35.000,0.0000
35.039,0.0000
35.089,0.0000
35.139,0.0000
35.190,0.0000
35.241,0.0000
35.292,0.0000
35.339,0.0000
35.390,0.0000
35.440,0.0000
35.490,0.0000
35.541,0.0000
35.592,0.0000
35.639,0.0000
35.690,0.0000
35.741,0.0000
35.791,0.0000
35.840,0.0000
35.890,0.0000
35.939,0.0000
35.990,0.0000
36.040,0.0000
36.090,0.0000
36.144,0.0000
36.194,0.0000
36.239,0.0000
36.289,0.0000
36.341,0.0000
36.390,0.0000
36.439,0.0000
36.489,0.0000
36.541,0.0000
36.589,0.0000
36.639,0.0000
36.691,0.0000
36.740,0.0000
36.789,0.0000
36.839,0.0000
36.889,0.0000
36.940,0.0000
36.991,0.0000
37.039,0.0000
37.089,0.0000
37.140,0.0000
37.193,0.0000
37.240,0.0000
37.289,0.0000
37.340,0.0000
37.391,0.0000
37.439,0.0000
37.490,0.0000
37.539,0.0000
37.593,0.0000
37.639,0.0000
37.691,0.0000
37.739,0.0000
37.789,0.0000
37.839,0.0000
37.889,0.0000
37.939,0.0000
37.989,0.0000
38.039,0.0000
38.090,0.0000
38.139,0.0000
38.189,0.0000
38.239,0.0000
38.290,0.0000
38.341,0.0000
38.390,0.0000
38.439,0.0000
38.492,0.0000
38.541,0.0000
38.590,0.0000
38.642,0.0000
38.693,0.0000
38.740,0.0000
38.790,0.0000
38.839,0.0000
38.892,0.0000
38.940,0.0000
38.997,0.0000
39.039,0.0000
39.090,0.0000
39.142,0.0000
39.189,0.0000
39.243,0.0000
39.291,0.0000
39.341,0.0000
39.391,0.0000
39.439,0.0000
39.489,0.0000
39.541,0.0000
39.591,0.0000
39.641,0.0000
39.693,0.0000
39.741,0.0000
39.789,0.0000
39.839,0.0000
39.889,0.0000
39.941,0.0000
39.990,0.0000
40.064,0.0000
40.097,0.0000
40.162,0.0000
40.194,0.0000
40.262,0.0000
40.295,0.0000
