timestamp,encounter_id,state,chosen_maneuver,reason,obstacle_span_deg,front_distance_m,front_left_m,front_center_m,front_right_m,left_clearance_m,right_clearance_m,rear_clearance_m,required_clearing_m,cumulative_strafe_m,consecutive_avoid_count,recovery_triggered,outcome,maneuver_duration_s
2026-07-22 19:40:48,1,TURN,TURN,turn: span>max,80.87473755907536,0.2199999988079071,4.504000186920166,0.2199999988079071,0.257999986410141,4.504000186920166,0.8479999899864197,,0.0,0.0,1,False,committed,0.0
2026-07-22 19:40:51,1,TURN,TURN,turn: span>max,57.97216989157666,0.28999999165534973,4.4710001945495605,0.28999999165534973,0.29499998688697815,4.4710001945495605,0.38600000739097595,,0.0,0.0,2,False,committed,0.0
2026-07-22 19:40:53,1,TURN,TURN,turn: span>max,54.39364088592378,0.29899999499320984,4.48199987411499,0.3009999990463257,0.29899999499320984,1.437000036239624,0.33000001311302185,,0.0,0.0,3,False,committed,0.0
2026-07-22 19:40:56,1,RECOVER,RECOVER,recover: attempts_exceeded,47.9522886757486,0.29899999499320984,1.4190000295639038,4.448999881744385,0.29899999499320984,1.4190000295639038,0.30300000309944153,,0.0,0.0,4,True,escalated,0.0
2026-07-22 19:41:07,1,DRIVE,NONE,cleared,0.0,0.5960000157356262,0.5960000157356262,0.9290000200271606,0.6069999933242798,0.20000000298023224,0.4480000138282776,,0.0,0.0,4,True,cleared,0.800457239151001
2026-07-22 19:45:44,1,TURN,TURN,turn: span>max,61.5506809285498,0.27300000190734863,0.3190000057220459,0.27300000190734863,2.049999952316284,4.191999912261963,2.4600000381469727,,0.0,0.0,1,False,committed,0.0
2026-07-22 19:45:47,1,TURN,TURN,turn: span>max,67.41034946957096,0.289000004529953,0.40400001406669617,0.289000004529953,0.30300000309944153,4.177000045776367,5.250999927520752,,0.0,0.0,2,False,committed,0.0
2026-07-22 19:45:49,1,TURN,TURN,turn: span>max,57.256446121766345,0.2980000078678131,0.3499999940395355,0.2980000078678131,2.072000026702881,4.202000141143799,2.4749999046325684,,0.0,0.0,3,False,committed,0.0
2026-07-22 19:45:51,1,RECOVER,RECOVER,recover: attempts_exceeded,68.84461246236718,0.28299999237060547,0.3959999978542328,0.28299999237060547,0.29899999499320984,4.171000003814697,5.26800012588501,,0.0,0.0,4,True,escalated,0.0
2026-07-22 19:46:07,1,DRIVE,NONE,cleared,0.0,1.600000023841858,2.7039999961853027,2.0239999294281006,1.600000023841858,1.0399999618530273,1.9900000095367432,,0.0,0.0,4,True,cleared,0.0
2026-07-23 14:47:59,1,STRAFE,STRAFE,strafe: narrow+side_clear,73.00197374663902,0.27799999713897705,0.3310000002384186,0.27799999713897705,0.33500000834465027,2.0940001010894775,2.296999931335449,,0.36817079916078854,0.0,1,False,committed,0.0
2026-07-23 14:48:00,1,DRIVE,NONE,cleared,0.0,0.4059999883174896,1.9759999513626099,0.4059999883174896,0.4729999899864197,2.0269999504089355,2.1110000610351562,,0.0,0.37482523918151855,1,False,cleared,1.5005276203155518
2026-07-23 14:48:01,1,TURN,TURN,turn: side_blocked,62.14285945016782,0.2720000147819519,1.8660000562667847,0.2720000147819519,0.3319999873638153,1.9769999980926514,2.0810000896453857,,0.0,0.37482523918151855,2,False,committed,0.0
2026-07-23 14:48:04,1,TURN,TURN,turn: side_blocked,64.41350413307211,0.29100000858306885,0.30000001192092896,0.29100000858306885,2.061000108718872,1.8969999551773071,2.377000093460083,,0.0,0.37482523918151855,3,False,committed,0.0
2026-07-23 14:48:06,1,RECOVER,RECOVER,recover: attempts_exceeded,71.42857366395155,0.28999999165534973,0.28999999165534973,0.29100000858306885,2.3399999141693115,0.3319999873638153,4.296999931335449,,0.0,0.37482523918151855,4,True,escalated,0.0
2026-07-23 14:48:20,1,DRIVE,NONE,cleared,0.0,1.1549999713897705,5.138999938964844,2.1600000858306885,1.1549999713897705,0.7329999804496765,1.1549999713897705,,0.0,0.37482523918151855,4,True,cleared,0.0
2026-07-23 14:56:47,1,STRAFE,STRAFE,strafe: narrow+side_clear,62.98209253081095,0.2759999930858612,0.3269999921321869,0.2759999930858612,2.2960000038146973,2.0869998931884766,2.2960000038146973,,0.26965500529317543,0.0,1,False,committed,0.0
2026-07-23 14:56:48,1,TURN,TURN,turn: side_blocked,75.00000220771453,0.12700000405311584,0.15199999511241913,0.12700000405311584,4.401000022888184,0.2639999985694885,2.2109999656677246,,0.0,0.37500661611557007,2,False,committed,0.0
2026-07-23 14:56:50,1,TURN,TURN,turn: side_blocked,44.373759670095716,0.24500000476837158,0.24500000476837158,0.24500000476837158,1.8240000009536743,0.33899998664855957,2.1579999923706055,,0.0,0.37500661611557007,3,False,committed,0.0
2026-07-23 14:56:52,1,RECOVER,RECOVER,recover: attempts_exceeded,35.069584255398226,0.27900001406669617,0.27900001406669617,1.8070000410079956,2.125999927520752,0.296999990940094,4.318999767303467,,0.0,0.37500661611557007,4,True,escalated,0.0
2026-07-23 14:57:02,1,DRIVE,NONE,cleared,0.0,0.6230000257492065,0.6230000257492065,5.519999980926514,2.4749999046325684,0.4729999899864197,3.437999963760376,,0.0,0.37500661611557007,4,True,cleared,0.0
2026-07-23 15:16:30,1,STRAFE,STRAFE,strafe: narrow+side_clear,114.02389673544813,0.09300000220537186,0.11500000208616257,0.09300000220537186,0.12999999523162842,0.20900000631809235,2.2960000038146973,,0.24217477286580424,0.0,1,False,committed,0.0
2026-07-23 15:16:31,1,TURN,TURN,turn: side_blocked,45.08946547122629,0.13500000536441803,0.13500000536441803,0.25,3.556999921798706,0.13500000536441803,2.0950000286102295,,0.0,0.7749871015548706,2,False,committed,0.0
2026-07-23 15:16:34,1,TURN,TURN,turn: side_blocked,19.36255040274898,0.23600000143051147,0.23600000143051147,1.687999963760376,1.5369999408721924,0.18199999630451202,1.9889999628067017,,0.0,0.7749871015548706,3,False,committed,0.0
2026-07-23 15:16:38,1,RECOVER,RECOVER,recover: attempts_exceeded,0.0,1.4210000038146973,1.5729999542236328,4.013000011444092,1.4210000038146973,1.7949999570846558,4.072000026702881,,0.0,0.7749871015548706,4,True,escalated,0.0
2026-07-23 15:16:47,2,TURN,TURN,turn: side_blocked,115.71428760661244,0.08299999684095383,0.13199999928474426,0.08299999684095383,0.6480000019073486,0.11100000143051147,0.23100000619888306,,0.0,0.0,1,False,committed,0.0
2026-07-23 15:16:49,2,TURN,TURN,turn: too_wide,148.15108286534948,0.09300000220537186,0.3269999921321869,0.09300000220537186,0.20200000703334808,0.1340000033378601,0.20200000703334808,,0.0,0.0,2,False,committed,0.0
2026-07-23 15:16:52,2,TURN,TURN,turn: too_wide,156.33465502293663,0.09600000083446503,0.09600000083446503,0.6150000095367432,0.1589999943971634,0.3540000021457672,0.1589999943971634,,0.0,0.0,3,False,committed,0.0
2026-07-23 15:21:37,1,STRAFE,STRAFE,strafe: narrow+side_clear,81.59044336020594,0.19699999690055847,0.23499999940395355,0.19699999690055847,2.2950000762939453,2.0840001106262207,2.2699999809265137,,0.23842574799972358,0.0,1,False,committed,0.0
2026-07-23 15:21:38,1,TURN,TURN,turn: side_blocked,62.26640469836011,0.12200000137090683,0.12200000137090683,0.1469999998807907,1.7489999532699585,0.18400000035762787,1.7489999532699585,,0.0,0.7499630451202393,2,False,committed,0.0
2026-07-23 15:21:40,1,TURN,TURN,turn: side_blocked,50.19920474786773,0.19499999284744263,0.19499999284744263,1.9140000343322754,1.7289999723434448,0.2070000022649765,2.072000026702881,,0.0,0.7499630451202393,3,False,committed,0.0
2026-07-23 15:21:43,1,RECOVER,RECOVER,recover: attempts_exceeded,20.03976243165613,0.25099998712539673,0.25099998712539673,1.8220000267028809,1.9839999675750732,0.1770000010728836,1.9839999675750732,,0.0,0.7499630451202393,4,True,escalated,0.0
2026-07-23 15:21:46,1,DRIVE,NONE,cleared,9.322709453175435,0.3100000023841858,0.3100000023841858,1.597000002861023,1.9850000143051147,0.20000000298023224,4.170000076293945,,0.0,0.7499630451202393,4,True,cleared,0.6503627300262451
2026-07-23 15:21:51,2,STRAFE,STRAFE,strafe: narrow+side_clear,70.71428795519896,0.1940000057220459,0.3449999988079071,0.1940000057220459,3.5350000858306885,0.824999988079071,1.2139999866485596,,0.4048379365910203,0.0,1,False,committed,0.0
2026-07-23 15:21:53,2,TURN,TURN,turn: side_blocked,2.862823204522304,0.289000004529953,0.6759999990463257,0.289000004529953,3.624000072479248,0.6759999990463257,1.3650000095367432,,0.0,0.7749640941619873,2,False,committed,0.0
2026-07-23 17:37:20,1,STRAFE,STRAFE,strafe: narrow+side_clear,60.83497512741923,0.2849999964237213,0.3400000035762787,0.2849999964237213,1.9809999465942383,2.0950000286102295,1.9809999465942383,,0.24808173122962485,0.0,1,False,committed,0.0
2026-07-23 17:37:22,1,TURN,TURN,turn: side_blocked,61.796409509813756,0.15299999713897705,0.17599999904632568,0.15299999713897705,4.36899995803833,0.3199999928474426,2.174999952316284,,0.0,0.7507903575897217,2,False,committed,0.0
2026-07-23 17:37:23,1,TURN,TURN,turn: side_blocked,37.14285685513495,0.27799999713897705,0.27799999713897705,0.31200000643730164,2.1080000400543213,0.3709999918937683,2.1080000400543213,,0.0,0.7507903575897217,3,False,committed,0.0
2026-07-23 17:37:26,1,RECOVER,RECOVER,recover: attempts_exceeded,30.11952284872064,0.29100000858306885,0.29100000858306885,1.75600004196167,2.068000078201294,0.29100000858306885,4.256999969482422,,0.0,0.7507903575897217,4,True,escalated,0.0
2026-07-23 17:37:36,1,DRIVE,NONE,cleared,0.0,0.5540000200271606,0.5540000200271606,5.317999839782715,2.1480000019073486,0.4320000112056732,2.1480000019073486,,0.0,0.7507903575897217,4,True,cleared,0.0
2026-07-23 17:37:46,2,STRAFE,STRAFE,strafe: narrow+side_clear,2.147117403391728,0.289000004529953,1.940999984741211,0.7879999876022339,0.289000004529953,0.9819999933242798,0.7279999852180481,,-0.04388677683228637,0.0,1,False,committed,0.0
2026-07-23 17:37:47,2,DRIVE,NONE,cleared,0.0,0.4009999930858612,0.8309999704360962,4.214000225067139,0.4009999930858612,0.8130000233650208,0.4009999930858612,,0.0,0.6249948740005493,1,False,cleared,1.250030279159546
2026-07-23 17:37:53,3,STRAFE,STRAFE,strafe: narrow+side_clear,2.868525985592442,0.29499998688697815,0.29499998688697815,0.574999988079071,2.5360000133514404,0.6299999952316284,2.5360000133514404,,0.3941884748293693,0.0,1,False,committed,0.0
2026-07-23 17:37:55,3,TURN,TURN,turn: side_blocked,3.5856574819905522,0.17900000512599945,0.46399998664855957,0.17900000512599945,3.446000099182129,0.9639999866485596,3.7699999809265137,,0.0,0.7499983310699463,2,False,committed,0.0
2026-07-23 17:37:56,3,TURN,TURN,turn: side_blocked,1.4371258025538083,0.2809999883174896,0.4950000047683716,0.2809999883174896,1.1030000448226929,0.5019999742507935,1.1030000448226929,,0.0,0.7499983310699463,3,False,committed,0.0
2026-07-23 17:37:58,3,DRIVE,NONE,cleared,0.0,0.40799999237060547,0.40799999237060547,3.486999988555908,1.0859999656677246,0.5889999866485596,0.9789999723434448,,0.0,0.7499983310699463,3,False,cleared,0.5008664131164551
2026-07-23 17:37:59,3,RECOVER,RECOVER,recover: attempts_exceeded,3.57852900565288,0.296999990940094,0.296999990940094,3.3559999465942383,1.0670000314712524,0.5379999876022339,1.0670000314712524,,0.0,0.7499983310699463,4,True,escalated,0.0
2026-07-23 17:38:10,3,DRIVE,NONE,cleared,0.0,0.4350000023841858,0.828000009059906,0.4440000057220459,0.4350000023841858,0.828000009059906,0.46299999952316284,,0.0,0.7499983310699463,4,True,cleared,0.0
2026-07-23 17:38:12,3,HALT,HALT,halt: attempts_exhausted,37.21670165878995,0.2919999957084656,0.8040000200271606,2.2750000953674316,0.2919999957084656,0.8040000200271606,0.2919999957084656,,0.0,0.7499983310699463,5,True,halted,1.7476096153259277
2026-07-23 18:58:15,1,STRAFE,STRAFE,strafe: narrow+side_clear,80.87473755907536,0.1979999989271164,0.23800000548362732,0.1979999989271164,4.497000217437744,2.0739998817443848,2.2890000343322754,,0.2347172596180512,0.0,1,False,committed,0.0
2026-07-23 18:58:16,1,TURN,TURN,turn: side_blocked,53.067730733460174,0.18400000035762787,0.18400000035762787,0.2160000056028366,4.311999797821045,0.2800000011920929,2.115999937057495,,0.0,0.7501612901687622,2,False,committed,0.0
2026-07-23 18:58:19,1,TURN,TURN,turn: side_blocked,31.55378584151686,0.24899999797344208,0.24899999797344208,4.21999979019165,1.590000033378601,0.24500000476837158,1.9889999628067017,,0.0,0.7501612901687622,3,False,committed,0.0
2026-07-23 18:58:22,1,RECOVER,RECOVER,recover: attempts_exceeded,0.0,1.4490000009536743,1.7000000476837158,1.6640000343322754,1.4490000009536743,0.33899998664855957,1.8969999551773071,,0.0,0.7501612901687622,4,True,escalated,0.0
2026-07-23 18:58:28,2,STRAFE,STRAFE,strafe: narrow+side_clear,3.57852900565288,0.19900000095367432,0.19900000095367432,0.6309999823570251,0.6759999990463257,1.218999981880188,0.6759999990463257,,0.2669892975229967,0.0,1,False,committed,0.0
2026-07-23 18:58:30,2,TURN,TURN,turn: side_blocked,6.4285713787733565,0.11299999803304672,0.9829999804496765,0.11299999803304672,0.7789999842643738,1.9759999513626099,4.10699987411499,,0.0,0.7499531507492065,2,False,committed,0.0
2026-07-23 18:58:32,2,TURN,TURN,turn: side_blocked,4.999999961268166,0.18799999356269836,1.0219999551773071,0.18799999356269836,3.7939999103546143,1.0219999551773071,0.5199999809265137,,0.0,0.7499531507492065,3,False,committed,0.0
2026-07-23 18:58:34,2,RECOVER,RECOVER,recover: attempts_exceeded,5.0199204747867725,0.1940000057220459,0.9940000176429749,0.6729999780654907,0.1940000057220459,1.8969999551773071,3.075000047683716,,0.0,0.7499531507492065,4,True,escalated,0.0
2026-07-23 18:58:47,2,DRIVE,NONE,cleared,0.0,1.1399999856948853,4.806000232696533,1.1399999856948853,1.8589999675750732,0.7139999866485596,0.3440000116825104,,0.0,0.7499531507492065,4,True,cleared,0.0
2026-07-23 18:59:00,3,STRAFE,STRAFE,strafe: narrow+side_clear,48.66797650819943,0.19599999487400055,3.0840001106262207,0.19599999487400055,0.19599999487400055,2.497999906539917,1.1160000562667847,,0.23821006248774865,0.0,1,False,committed,0.0
2026-07-23 18:59:02,3,DRIVE,NONE,cleared,53.067730733460174,0.30000001192092896,2.4779999256134033,0.39500001072883606,0.30000001192092896,2.3440001010894775,1.2640000581741333,,0.0,0.6749331951141357,1,False,cleared,1.3500945568084717
2026-07-23 18:59:03,3,TURN,TURN,turn: side_blocked,69.5617551506167,0.18299999833106995,2.427999973297119,0.18299999833106995,0.28200000524520874,2.367000102996826,0.28200000524520874,,0.0,0.6749331951141357,2,False,committed,0.0
2026-07-23 18:59:06,3,TURN,TURN,turn: side_blocked,6.441352210175184,0.18700000643730164,2.3399999141693115,0.7200000286102295,0.18700000643730164,2.3299999237060547,0.32499998807907104,,0.0,0.6749331951141357,3,False,committed,0.0
2026-07-23 18:59:08,3,RECOVER,RECOVER,recover: attempts_exceeded,5.009940607914032,0.1940000057220459,2.2860000133514404,2.4519999027252197,0.1940000057220459,2.2860000133514404,0.1940000057220459,,0.0,0.6749331951141357,4,True,escalated,0.0
2026-07-23 18:59:18,3,DRIVE,NONE,cleared,12.191235438767878,0.35499998927116394,1.3949999809265137,1.5980000495910645,0.35499998927116394,0.6869999766349792,0.3569999933242798,,0.0,0.6749331951141357,4,True,cleared,0.0
2026-07-23 18:59:40,4,TURN,TURN,turn: too_wide,115.45815972824434,0.1940000057220459,0.2370000034570694,0.1940000057220459,0.24799999594688416,0.43299999833106995,0.41999998688697815,,0.0,0.0,1,False,committed,0.0
2026-07-23 18:59:43,4,TURN,TURN,turn: too_wide,123.8170856269099,0.1860000044107437,0.27000001072883606,0.1860000044107437,0.19300000369548798,0.5109999775886536,0.2540000081062317,,0.0,0.0,2,False,committed,0.0
2026-07-23 19:08:32,1,STRAFE,STRAFE,strafe: narrow+side_clear,84.45326656472824,0.19300000369548798,0.2280000001192093,0.19300000369548798,1.965999960899353,2.052999973297119,1.965999960899353,,0.25483942674915433,0.0,1,False,committed,0.0
2026-07-23 19:08:33,1,TURN,TURN,turn: side_blocked,48.66799447687917,0.20600000023841858,0.20600000023841858,0.2680000066757202,1.7569999694824219,0.3009999990463257,1.7569999694824219,,0.0,0.7506240606307983,2,False,committed,0.0
2026-07-23 19:08:36,1,TURN,TURN,turn: side_blocked,32.270917337914966,0.25600001215934753,0.25600001215934753,4.245999813079834,1.6109999418258667,0.2549999952316284,1.9780000448226929,,0.0,0.7506240606307983,3,False,committed,0.0
2026-07-23 19:08:39,1,RECOVER,RECOVER,recover: attempts_exceeded,0.0,1.4620000123977661,1.722000002861023,4.171999931335449,1.4620000123977661,0.34599998593330383,1.8940000534057617,,0.0,0.7506240606307983,4,True,escalated,0.0
2026-07-23 19:08:40,1,DRIVE,NONE,cleared,0.0,1.4179999828338623,1.6920000314712524,4.14900016784668,1.4179999828338623,0.37599998712539673,1.8550000190734863,,0.0,0.7506240606307983,4,True,cleared,0.0
2026-07-23 19:08:45,2,STRAFE,STRAFE,strafe: narrow+side_clear,109.00397626066136,0.19699999690055847,0.39800000190734863,0.8100000023841858,0.19699999690055847,5.645999908447266,0.19699999690055847,,0.36407620160802084,0.0,1,False,committed,0.0
2026-07-23 19:08:46,2,DRIVE,NONE,cleared,2.862823204522304,0.3089999854564667,1.2599999904632568,0.7730000019073486,0.3089999854564667,2.1019999980926514,0.3089999854564667,,0.0,0.4757843017578125,1,False,cleared,0.9501597881317139
2026-07-23 19:08:47,2,TURN,TURN,turn: side_blocked,3.57852900565288,0.1899999976158142,1.1629999876022339,0.1899999976158142,0.7649999856948853,2.072000026702881,0.3799999952316284,,0.0,0.4757843017578125,2,False,committed,0.0
2026-07-23 19:08:49,2,TURN,TURN,turn: side_blocked,4.2942348067834555,0.19499999284744263,1.1349999904632568,0.19499999284744263,0.6869999766349792,2.0420000553131104,2.937000036239624,,0.0,0.4757843017578125,3,False,committed,0.0
2026-07-23 19:08:52,2,RECOVER,RECOVER,recover: attempts_exceeded,5.0099406079140305,0.1860000044107437,1.1549999713897705,0.1860000044107437,0.7889999747276306,2.071000099182129,0.382999986410141,,0.0,0.4757843017578125,4,True,escalated,0.0
2026-07-23 19:08:56,2,DRIVE,NONE,cleared,0.0,0.4620000123977661,0.4620000123977661,0.46299999952316284,1.3650000095367432,0.041999999433755875,2.1649999618530273,,0.0,0.4757843017578125,4,True,cleared,0.0
2026-07-23 19:08:58,2,HALT,HALT,halt: attempts_exhausted,5.0199204747867725,0.19699999690055847,0.19699999690055847,0.5789999961853027,0.652999997138977,0.19699999690055847,0.29499998688697815,,0.0,0.4757843017578125,5,True,halted,2.449793577194214
2026-07-23 19:18:33,1,STRAFE,STRAFE,strafe: narrow+side_clear,82.3061491613365,0.1940000057220459,0.23199999332427979,0.1940000057220459,4.502999782562256,2.066999912261963,2.308000087738037,,0.23975961098761556,0.0,1,False,committed,0.0
2026-07-23 19:18:34,1,TURN,TURN,turn: side_blocked,46.61354726587718,0.21299999952316284,0.21299999952316284,0.2919999957084656,1.7419999837875366,0.3050000071525574,1.7419999837875366,,0.0,0.775012731552124,2,False,committed,0.0
2026-07-23 19:18:36,1,DRIVE,NONE,cleared,18.682635433199508,0.3310000002384186,0.3310000002384186,4.434000015258789,1.7569999694824219,0.35499998927116394,2.0320000648498535,,0.0,0.775012731552124,2,False,cleared,0.5523059368133545
2026-07-23 19:18:44,2,STRAFE,STRAFE,strafe: narrow+side_clear,1.431411602261152,0.19099999964237213,1.062000036239624,0.19099999964237213,3.494999885559082,1.9609999656677246,0.4950000047683716,,0.08059368195091579,0.0,1,False,committed,0.0
2026-07-23 19:18:45,2,DRIVE,NONE,cleared,2.868525985592442,0.3059999942779541,0.8669999837875366,0.7250000238418579,0.3059999942779541,1.746999979019165,0.3059999942779541,,0.0,0.725250244140625,1,False,cleared,1.450380802154541
2026-07-23 19:18:55,3,STRAFE,STRAFE,strafe: narrow+side_clear,61.67329749838608,0.1850000023841858,0.3720000088214874,0.1850000023841858,0.6309999823570251,2.6110000610351562,0.6309999823570251,,0.1903321532829902,0.0,1,False,committed,0.0
2026-07-23 19:18:57,3,TURN,TURN,turn: side_blocked,3.5856574819905522,0.21799999475479126,0.21799999475479126,0.7310000061988831,0.4359999895095825,0.531000018119812,2.38700008392334,,0.0,0.7501629590988159,2,False,committed,0.0
2026-07-23 19:18:59,3,DRIVE,NONE,cleared,0.0,0.460999995470047,0.6299999952316284,0.460999995470047,2.1019999980926514,0.6299999952316284,3.321000099182129,,0.0,0.7501629590988159,2,False,cleared,0.5493969917297363
2026-07-23 19:19:02,4,TURN,TURN,turn: too_wide,100.39839830388404,0.19300000369548798,0.1979999989271164,0.19300000369548798,0.921999990940094,0.3930000066757202,1.597000002861023,,0.0,0.0,1,False,committed,0.0
2026-07-23 19:19:05,4,STRAFE,STRAFE,strafe: narrow+side_clear,70.99600695156151,0.19300000369548798,0.19300000369548798,0.23600000143051147,1.128000020980835,0.20800000429153442,3.9769999980926514,,0.16254007678397822,0.0,2,False,committed,0.0
2026-07-23 19:19:06,4,TURN,TURN,turn: side_blocked,37.365270866399015,0.24899999797344208,0.24899999797344208,0.7590000033378601,0.9570000171661377,0.3700000047683716,1.6720000505447388,,0.0,0.774970531463623,3,False,committed,0.0
2026-07-23 19:19:08,4,DRIVE,NONE,cleared,1.4342629927962145,0.36899998784065247,0.36899998784065247,0.8659999966621399,1.4539999961853027,0.4699999988079071,3.0420000553131104,,0.0,0.774970531463623,3,False,cleared,0.5000443458557129
2026-07-23 19:19:12,5,TURN,TURN,turn: too_wide,118.56286517096022,0.18700000643730164,0.22499999403953552,0.18700000643730164,0.23999999463558197,0.4000000059604645,0.414000004529953,,0.0,0.0,1,False,committed,0.0
2026-07-23 19:19:14,5,TURN,TURN,turn: too_wide,114.74102823184623,0.19900000095367432,0.20499999821186066,0.19900000095367432,0.3089999854564667,0.2930000126361847,1.3849999904632568,,0.0,0.0,2,False,committed,0.0
2026-07-24 19:17:33,1,HALT,HALT,halt: avoidance_disabled,93.04173617829515,0.1850000023841858,0.2240000069141388,0.1850000023841858,0.23399999737739563,0.5199999809265137,2.066999912261963,,0.0,0.0,1,False,halted,0.0
2026-07-24 19:30:35,1,DRIVE,NONE,cleared,0.0,0.48399999737739563,0.48399999737739563,0.9409999847412109,2.242000102996826,0.48399999737739563,2.242000102996826,,0.0,0.0,1,False,cleared,0.0
2026-07-24 19:30:42,2,HALT,HALT,halt: avoidance_disabled,89.64142585791238,0.19900000095367432,0.24400000274181366,0.19900000095367432,0.24400000274181366,0.5049999952316284,4.118000030517578,,0.0,0.0,1,False,halted,0.0
2026-07-27 14:52:00,1,HALT,HALT,halt: avoidance_disabled,93.75744197942572,0.1889999955892563,0.21899999678134918,0.1889999955892563,0.2460000067949295,0.9399999976158142,0.9959999918937683,,0.0,0.0,1,False,halted,0.0
2026-07-27 14:55:55,1,HALT,HALT,halt: avoidance_disabled,90.89461877490344,0.19900000095367432,0.2370000034570694,0.19900000095367432,0.25600001215934753,0.996999979019165,0.9779999852180481,,0.0,0.0,1,False,halted,0.0
2026-07-27 15:07:48,1,HALT,HALT,halt: avoidance_disabled,90.17891297377285,0.19900000095367432,0.23899999260902405,0.19900000095367432,0.25699999928474426,1.0180000066757202,0.9589999914169312,,0.0,0.0,1,False,halted,0.0
2026-07-27 15:19:15,1,HALT,HALT,halt: avoidance_disabled,93.94421483630106,0.18299999833106995,0.21400000154972076,0.18299999833106995,0.23899999260902405,0.9610000252723694,0.9440000057220459,,0.0,0.0,1,False,halted,0.0
2026-07-27 15:21:26,1,HALT,HALT,halt: avoidance_disabled,90.53891202116097,0.1940000057220459,0.23100000619888306,0.1940000057220459,0.2529999911785126,0.9929999709129333,0.9580000042915344,,0.0,0.0,1,False,halted,0.0
2026-07-27 15:22:29,1,HALT,HALT,halt: avoidance_disabled,93.94421483630106,0.1850000023841858,0.21699999272823334,0.1850000023841858,0.23999999463558197,0.9589999914169312,0.9629999995231628,,0.0,0.0,1,False,halted,0.0
2026-07-27 17:00:11,1,HALT,HALT,halt: avoidance_disabled,91.79282034710671,0.19499999284744263,0.23199999332427979,0.19499999284744263,0.24899999797344208,0.9819999933242798,0.9729999899864197,,0.0,0.0,1,False,halted,0.0
2026-07-27 17:13:36,1,HALT,HALT,halt: avoidance_disabled,92.50995184350482,0.18700000643730164,0.22100000083446503,0.18700000643730164,0.2409999966621399,0.9739999771118164,0.9409999847412109,,0.0,0.0,1,False,halted,0.0
2026-07-27 17:16:31,1,HALT,HALT,halt: avoidance_disabled,92.32603037716459,0.19599999487400055,0.23199999332427979,0.19599999487400055,0.25200000405311584,0.972000002861023,0.9570000171661377,,0.0,0.0,1,False,halted,0.0
2026-07-27 17:18:41,1,HALT,HALT,halt: avoidance_disabled,94.4731477805563,0.18799999356269836,0.22699999809265137,0.18799999356269836,0.23800000548362732,0.9900000095367432,0.9390000104904175,,0.0,0.0,1,False,halted,0.0
2026-07-27 17:22:00,1,HALT,HALT,halt: avoidance_disabled,92.32603037716457,0.1899999976158142,0.23100000619888306,0.1899999976158142,0.2409999966621399,1.0210000276565552,0.921999990940094,,0.0,0.0,1,False,halted,0.0
2026-07-27 17:24:32,1,HALT,HALT,halt: avoidance_disabled,92.50995184350482,0.19300000369548798,0.2280000001192093,0.19300000369548798,0.24799999594688416,0.9890000224113464,0.9589999914169312,,0.0,0.0,1,False,halted,0.0
2026-07-27 17:26:42,1,HALT,HALT,halt: avoidance_disabled,92.50995184350482,0.1889999955892563,0.22599999606609344,0.1889999955892563,0.24199999868869781,0.9850000143051147,0.9549999833106995,,0.0,0.0,1,False,halted,0.0
2026-07-27 19:25:16,1,HALT,HALT,halt: avoidance_disabled,89.64142585791238,0.1850000023841858,0.22100000083446503,0.1850000023841858,0.23899999260902405,0.7120000123977661,0.5649999976158142,,0.0,0.0,1,False,halted,0.0
2026-07-27 19:28:30,1,HALT,HALT,halt: avoidance_disabled,90.17891297377284,0.1860000044107437,0.22300000488758087,0.1860000044107437,0.2370000034570694,0.8019999861717224,0.5899999737739563,,0.0,0.0,1,False,halted,0.0
2026-07-28 14:54:57,1,HALT,HALT,halt: avoidance_disabled,66.69321797317285,0.29499998688697815,0.3479999899864197,0.29499998688697815,1.7380000352859497,0.7129999995231628,2.308000087738037,,0.0,0.0,1,False,halted,0.0
2026-07-28 14:59:21,1,HALT,HALT,halt: avoidance_disabled,90.17891297377285,0.19200000166893005,0.23399999737739563,0.19200000166893005,0.2409999966621399,0.6510000228881836,2.313999891281128,,0.0,0.0,1,False,halted,0.0
2026-07-28 15:04:01,1,HALT,HALT,halt: avoidance_disabled,88.74750137151169,0.1889999955892563,0.2240000069141388,0.1889999955892563,0.24500000476837158,0.9769999980926514,2.2939999103546143,,0.0,0.0,1,False,halted,0.0
2026-07-28 15:06:43,1,HALT,HALT,halt: avoidance_disabled,89.82034911988407,0.18799999356269836,0.2280000001192093,0.18799999356269836,0.2460000067949295,1.319000005722046,2.302999973297119,,0.0,0.0,1,False,halted,0.0
2026-07-28 15:09:31,1,HALT,HALT,halt: avoidance_disabled,87.49003136871804,0.19300000369548798,0.2290000021457672,0.19300000369548798,0.24799999594688416,0.8270000219345093,2.302000045776367,,0.0,0.0,1,False,halted,0.0
2026-07-28 15:12:07,1,HALT,HALT,halt: avoidance_disabled,90.35855735431049,0.18799999356269836,0.22300000488758087,0.18799999356269836,0.24300000071525574,0.8830000162124634,2.2990000247955322,,0.0,0.0,1,False,halted,0.0
2026-07-28 15:13:01,1,HALT,HALT,halt: avoidance_disabled,88.74750137151169,0.1899999976158142,0.23499999940395355,0.1899999976158142,0.23399999737739563,1.3109999895095825,2.309999942779541,,0.0,0.0,1,False,halted,0.0
2026-07-28 15:18:46,1,HALT,HALT,halt: avoidance_disabled,89.64142585791237,0.18400000035762787,0.22100000083446503,0.18400000035762787,0.2329999953508377,1.3220000267028809,2.299999952316284,,0.0,0.0,1,False,halted,0.0
2026-07-28 15:21:10,1,HALT,HALT,halt: avoidance_disabled,90.17891297377284,0.1850000023841858,0.22300000488758087,0.1850000023841858,0.23600000143051147,0.621999979019165,2.306999921798706,,0.0,0.0,1,False,halted,0.0
2026-07-28 15:23:00,1,HALT,HALT,halt: avoidance_disabled,86.05576837592183,0.1979999989271164,0.2409999966621399,0.1979999989271164,0.2540000081062317,1.3179999589920044,2.305000066757202,,0.0,0.0,1,False,halted,0.0
2026-07-28 15:24:37,1,HALT,HALT,halt: avoidance_disabled,89.64142585791238,0.18799999356269836,0.2290000021457672,0.18799999356269836,0.2370000034570694,1.309000015258789,2.312999963760376,,0.0,0.0,1,False,halted,0.0
2026-07-28 15:25:58,1,HALT,HALT,halt: avoidance_disabled,87.11999402432326,0.1899999976158142,0.2290000021457672,0.1899999976158142,0.2409999966621399,1.3220000267028809,2.3010001182556152,,0.0,0.0,1,False,halted,0.0
2026-07-28 15:27:34,1,HALT,HALT,halt: avoidance_disabled,88.20716286511616,0.19300000369548798,0.23499999940395355,0.19300000369548798,0.24300000071525574,1.315000057220459,2.305999994277954,,0.0,0.0,1,False,halted,0.0
2026-07-28 15:29:10,1,HALT,HALT,halt: avoidance_disabled,91.610324576034,0.1860000044107437,0.2280000001192093,0.1860000044107437,0.23100000619888306,1.3079999685287476,2.315000057220459,,0.0,0.0,1,False,halted,0.0
2026-07-28 15:30:46,1,HALT,HALT,halt: avoidance_disabled,88.20716286511616,0.19300000369548798,0.23100000619888306,0.19300000369548798,0.24699999392032623,1.3250000476837158,2.2980000972747803,,0.0,0.0,1,False,halted,0.0
2026-07-28 15:31:52,1,HALT,HALT,halt: avoidance_disabled,87.49003136871805,0.19300000369548798,0.2290000021457672,0.19300000369548798,0.25200000405311584,1.3279999494552612,2.2950000762939453,,0.0,0.0,1,False,halted,0.0
2026-07-28 15:32:53,1,HALT,HALT,halt: avoidance_disabled,90.89461877490342,0.18400000035762787,0.22300000488758087,0.18400000035762787,0.23399999737739563,1.315999984741211,2.305000066757202,,0.0,0.0,1,False,halted,0.0
2026-07-28 15:33:43,1,HALT,HALT,halt: avoidance_disabled,91.0756888507086,0.1850000023841858,0.22499999403953552,0.1850000023841858,0.23000000417232513,1.3079999685287476,2.315999984741211,,0.0,0.0,1,False,halted,0.0
